{"cameraMode":{"drawMode":0,"name":"Shaded","section":"Shading Mode"},"sceneLighting":false,"audioPlay":false,"sceneViewState":{"showFog":true,"showMaterialUpdate":false,"showSkybox":false,"showFlares":true,"showImageEffects":true,"showParticleSystems":true},"in2DMode":false,"pivot":{"x":0.06865620613098145,"y":1.24192214012146,"z":-0.9946150779724121},"rotation":{"x":0.08787369728088379,"y":0.8983847498893738,"z":-0.21016699075698853,"w":0.3755851984024048},"size":4.755262851715088,"orthographic":false}