{"cameraMode":{"drawMode":0,"name":"Shaded","section":"Shading Mode"},"sceneLighting":false,"audioPlay":false,"sceneViewState":{"showFog":true,"showMaterialUpdate":false,"showSkybox":false,"showFlares":true,"showImageEffects":true,"showParticleSystems":true},"in2DMode":false,"pivot":{"x":0.10339051485061646,"y":-0.799673318862915,"z":-0.09277200698852539},"rotation":{"x":-0.24322618544101716,"y":-0.6714545488357544,"z":-0.6539632081985474,"w":0.24978116154670716},"size":4.532852649688721,"orthographic":true}