{"cameraMode":{"drawMode":0,"name":"Shaded","section":"Shading Mode"},"sceneLighting":true,"audioPlay":false,"sceneViewState":{"showFog":true,"showMaterialUpdate":false,"showSkybox":false,"showFlares":true,"showImageEffects":true,"showParticleSystems":true},"in2DMode":false,"pivot":{"x":161.28411865234376,"y":372.57666015625,"z":435.138427734375},"rotation":{"x":-0.007480069063603878,"y":0.0737372562289238,"z":-0.0005510945920832455,"w":-0.9972545504570007},"size":1358.4044189453125,"orthographic":false}