{"cameraMode":{"drawMode":0,"name":"Shaded","section":"Shading Mode"},"sceneLighting":false,"audioPlay":false,"sceneViewState":{"showFog":true,"showMaterialUpdate":false,"showSkybox":false,"showFlares":true,"showImageEffects":true,"showParticleSystems":true},"in2DMode":false,"pivot":{"x":0.137000173330307,"y":-0.16346466541290284,"z":-0.4245491027832031},"rotation":{"x":-0.15549154579639436,"y":0.6146063804626465,"z":-0.12523145973682404,"w":-0.7631604075431824},"size":2.1724486351013185,"orthographic":false}