{"cameraMode":{"drawMode":0,"name":"Shaded","section":"Shading Mode"},"sceneLighting":false,"audioPlay":false,"sceneViewState":{"showFog":true,"showMaterialUpdate":false,"showSkybox":false,"showFlares":true,"showImageEffects":true,"showParticleSystems":true},"in2DMode":false,"pivot":{"x":-5.293130874633789,"y":-0.25542616844177248,"z":0.7040655612945557},"rotation":{"x":0.08368640393018723,"y":-0.6206182241439819,"z":0.06917150318622589,"w":0.7765682339668274},"size":9.002074241638184,"orthographic":false}