{"cameraMode":{"drawMode":0,"name":"Shaded","section":"Shading Mode"},"sceneLighting":false,"audioPlay":false,"sceneViewState":{"showFog":true,"showMaterialUpdate":false,"showSkybox":false,"showFlares":true,"showImageEffects":true,"showParticleSystems":true},"in2DMode":false,"pivot":{"x":0.07261967658996582,"y":-0.011135414242744446,"z":0.045338332653045657},"rotation":{"x":0.0016540616052225233,"y":-0.9974045753479004,"z":0.02425158955156803,"w":0.0680360421538353},"size":2.7884531021118166,"orthographic":true}