{"cameraMode":{"drawMode":0,"name":"Shaded","section":"Shading Mode"},"sceneLighting":false,"audioPlay":false,"sceneViewState":{"showFog":true,"showMaterialUpdate":false,"showSkybox":false,"showFlares":true,"showImageEffects":true,"showParticleSystems":true},"in2DMode":false,"pivot":{"x":-0.9107502698898315,"y":-0.46288275718688967,"z":0.4225977957248688},"rotation":{"x":0.2641506493091583,"y":-0.6918088793754578,"z":0.3052167594432831,"w":0.5987285375595093},"size":4.001037120819092,"orthographic":false}