{"cameraMode":{"drawMode":0,"name":"Shaded","section":"Shading Mode"},"sceneLighting":false,"audioPlay":false,"sceneViewState":{"showFog":true,"showMaterialUpdate":false,"showSkybox":false,"showFlares":true,"showImageEffects":true,"showParticleSystems":true},"in2DMode":false,"pivot":{"x":0.3327562212944031,"y":0.09424014389514923,"z":0.14848490059375764},"rotation":{"x":0.05971281975507736,"y":0.7708442211151123,"z":-0.07306251674890518,"w":0.6300032138824463},"size":2.2590227127075197,"orthographic":false}