{"cameraMode":{"drawMode":0,"name":"Shaded","section":"Shading Mode"},"sceneLighting":true,"audioPlay":false,"sceneViewState":{"showFog":true,"showMaterialUpdate":false,"showSkybox":true,"showFlares":true,"showImageEffects":true,"showParticleSystems":true},"in2DMode":false,"pivot":{"x":28.870033264160158,"y":73.85477447509766,"z":-26.460180282592775},"rotation":{"x":-0.15549154579639436,"y":0.6146063804626465,"z":-0.12523145973682404,"w":-0.7631604075431824},"size":16.876625061035158,"orthographic":false}