{"cameraMode":{"drawMode":0,"name":"Shaded","section":"Shading Mode"},"sceneLighting":false,"audioPlay":false,"sceneViewState":{"showFog":true,"showMaterialUpdate":false,"showSkybox":false,"showFlares":true,"showImageEffects":true,"showParticleSystems":true},"in2DMode":false,"pivot":{"x":-0.17440199851989747,"y":0.389789342880249,"z":0.30536091327667239},"rotation":{"x":0.23554179072380067,"y":-0.4346032440662384,"z":0.11887719482183457,"w":0.8611148595809937},"size":4.90103816986084,"orthographic":false}