{"cameraMode":{"drawMode":0,"name":"Shaded","section":"Shading Mode"},"sceneLighting":false,"audioPlay":false,"sceneViewState":{"showFog":true,"showMaterialUpdate":false,"showSkybox":false,"showFlares":true,"showImageEffects":true,"showParticleSystems":true},"in2DMode":false,"pivot":{"x":131.24041748046876,"y":310.6598815917969,"z":-11.101883888244629},"rotation":{"x":0.1738629937171936,"y":-0.5479381084442139,"z":0.11764821410179138,"w":0.8097519278526306},"size":22.0,"orthographic":false}