{"cameraMode":{"drawMode":0,"name":"Shaded","section":"Shading Mode"},"sceneLighting":false,"audioPlay":false,"sceneViewState":{"showFog":true,"showMaterialUpdate":false,"showSkybox":false,"showFlares":true,"showImageEffects":true,"showParticleSystems":true},"in2DMode":false,"pivot":{"x":43.7989501953125,"y":-10.724609375,"z":-11.88134765625},"rotation":{"x":0.028435958549380304,"y":-0.963513970375061,"z":0.24070651829242707,"w":0.11384201049804688},"size":3.32222843170166,"orthographic":true}