{"cameraMode":{"drawMode":0,"name":"Shaded","section":"Shading Mode"},"sceneLighting":false,"audioPlay":false,"sceneViewState":{"showFog":true,"showMaterialUpdate":false,"showSkybox":false,"showFlares":true,"showImageEffects":true,"showParticleSystems":true},"in2DMode":false,"pivot":{"x":25.798784255981447,"y":2.6853771209716799,"z":0.8715057373046875},"rotation":{"x":-0.0009018252603709698,"y":0.7989214658737183,"z":-0.0011989972554147244,"w":-0.6014456748962402},"size":9.538328170776368,"orthographic":false}