{"cameraMode":{"drawMode":0,"name":"Shaded","section":"Shading Mode"},"sceneLighting":false,"audioPlay":false,"sceneViewState":{"showFog":true,"showMaterialUpdate":false,"showSkybox":false,"showFlares":true,"showImageEffects":true,"showParticleSystems":true},"in2DMode":false,"pivot":{"x":-0.5529305934906006,"y":-0.23145723342895509,"z":0.6040961742401123},"rotation":{"x":0.24236685037612916,"y":-0.6889129281044006,"z":0.2652251720428467,"w":0.6295419335365295},"size":4.301037311553955,"orthographic":false}